asset,year,region,installed,technology,capacity
0,2030,R1,2020,gassupply1,7.50000000000
0,2035,R1,2020,gassupply1,0.01000000000
0,2040,R1,2020,gassupply1,0.01000000000
0,2045,R1,2020,gassupply1,0.01000000000
0,2050,R1,2020,gassupply1,0.01000000000
